Name,Age,Tm,Lg,G,PAâ–¼,AB,R,H,2B,3B,HR,RBI,SB,CS,BB,SO,BA,OBP,SLG,OPS,OPS+,TB,GDP,HBP,SH,SF,IBB,Pos Summary
Charlie Blackmon*,30,COL,NL,159,725,644,137,213,35,14,37,104,14,10,65,135,0.331,0.399,0.601,1,141,387,4,10,3,3,9,*8
Francisco Lindor#,23,CLE,AL,159,723,651,99,178,44,4,33,89,15,3,60,93,0.273,0.337,0.505,0.842,114,329,11,4,5,3,6,*6/D
Ender Inciarte*,26,ATL,NL,157,718,662,93,201,27,5,11,57,22,9,49,94,0.304,0.35,0.409,0.759,100,271,8,0,3,4,3,*8
Mookie Betts,24,BOS,AL,153,712,628,101,166,46,2,24,102,26,3,77,79,0.264,0.344,0.459,0.803,107,288,9,2,0,5,9,*9
Joey Votto*,33,CIN,NL,162,707,559,106,179,34,1,36,100,5,1,134,83,0.32,0.454,0.578,1.032,167,323,16,8,0,6,20,*3
Brian Dozier,30,MIN,AL,152,705,617,106,167,30,4,34,93,16,7,78,141,0.271,0.359,0.498,0.856,128,307,11,8,0,2,6,*4
Dee Gordon*,29,MIA,NL,158,695,653,114,201,20,9,2,33,60,16,25,93,0.308,0.341,0.375,0.716,95,245,7,10,2,4,0,*4/6
Christian Yelich*,25,MIA,NL,156,695,602,100,170,36,2,18,81,16,2,80,137,0.282,0.369,0.439,0.807,118,264,13,6,0,6,4,*8
Giancarlo Stanton,27,MIA,NL,159,692,597,123,168,32,0,59,132,2,2,85,163,0.281,0.376,0.631,1.007,166,377,13,7,0,3,13,*9/D
Anthony Rizzo*,27,CHC,NL,157,691,572,99,156,32,3,32,109,10,4,91,90,0.273,0.392,0.507,0.899,131,290,21,24,0,4,11,*34/57
Manny Machado,24,BAL,AL,156,690,630,81,163,33,1,33,95,9,4,50,115,0.259,0.31,0.471,0.782,107,297,17,1,0,9,3,*5
Elvis Andrus,28,TEX,AL,158,689,643,100,191,44,4,20,88,25,10,38,101,0.297,0.337,0.471,0.808,108,303,18,3,1,4,0,*6/D
Jose Bautista,36,TOR,AL,157,686,587,92,119,27,0,23,65,6,3,84,170,0.203,0.308,0.366,0.674,77,215,16,8,0,7,3,*9D/53
DJ LeMahieu,28,COL,NL,155,682,609,95,189,28,4,8,64,6,5,59,90,0.31,0.374,0.409,0.783,93,249,24,6,3,5,1,*4
Brett Gardner*,33,NYY,AL,151,682,594,96,157,26,4,21,63,23,5,72,122,0.264,0.35,0.428,0.778,103,254,4,8,5,3,2,*78/D
Nolan Arenado,26,COL,NL,159,680,606,100,187,43,7,37,130,3,2,62,106,0.309,0.373,0.586,0.959,131,355,21,4,1,6,9,*5
Marcell Ozuna,26,MIA,NL,159,679,613,93,191,30,2,37,124,1,3,64,144,0.312,0.376,0.548,0.924,146,336,18,0,0,2,4,*7/8D9
Aaron Judge,25,NYY,AL,155,678,542,128,154,24,3,52,114,9,4,127,208,0.284,0.422,0.627,1.049,170,340,15,5,0,4,11,*9D
Evan Longoria,31,TBR,AL,156,677,613,71,160,36,2,20,86,6,1,46,109,0.261,0.313,0.424,0.737,100,260,18,6,0,12,3,*5D
Jonathan Schoop,25,BAL,AL,160,675,622,92,182,35,0,32,105,1,0,35,142,0.293,0.338,0.503,0.841,123,313,20,11,0,7,0,*4/6
Jose Abreu,30,CHW,AL,156,675,621,95,189,43,6,33,102,3,0,35,119,0.304,0.354,0.552,0.906,141,343,21,15,0,4,6,*3D
Eric Hosmer*,27,KCR,AL,162,671,603,98,192,31,1,25,94,6,1,66,104,0.318,0.385,0.498,0.882,133,300,20,0,0,2,3,*3/D
Nick Markakis*,33,ATL,NL,160,670,593,76,163,39,1,8,76,0,2,68,110,0.275,0.354,0.384,0.738,96,228,16,6,0,3,8,*9/D
Edwin Encarnacion,34,CLE,AL,157,669,554,96,143,20,1,38,107,2,0,104,133,0.258,0.377,0.504,0.881,126,279,18,5,0,5,5,*D3
Carlos Santana#,31,CLE,AL,154,667,571,90,148,37,3,23,79,5,1,88,94,0.259,0.363,0.455,0.818,111,260,11,6,0,2,6,*3/D9
Melky Cabrera#,32,TOT,AL,156,666,620,78,177,30,2,17,85,1,2,36,74,0.285,0.324,0.423,0.746,99,262,19,2,2,6,1,*79/D
Nicholas Castellanos,25,DET,AL,157,665,614,73,167,36,10,26,101,4,5,41,142,0.272,0.32,0.49,0.811,110,301,12,5,0,5,0,*59/D
Paul Goldschmidt,29,ARI,NL,155,665,558,117,166,34,3,36,120,18,5,94,147,0.297,0.404,0.563,0.966,142,314,14,8,0,4,15,*3/D
Kris Bryant,25,CHC,NL,151,665,549,111,162,38,4,29,73,7,5,95,128,0.295,0.409,0.537,0.946,142,295,8,15,0,6,5,*5/9387
Freddy Galvis#,27,PHI,NL,162,663,608,71,155,29,6,12,61,14,5,45,111,0.255,0.309,0.382,0.69,82,232,12,4,2,4,2,*6/87
Jose Altuve,27,HOU,AL,153,662,590,112,204,39,4,24,81,32,6,58,84,0.346,0.41,0.547,0.957,164,323,19,9,1,4,3,*4/D
Andrew Benintendi*,22,BOS,AL,151,658,573,84,155,26,1,20,90,20,5,70,112,0.271,0.352,0.424,0.776,101,243,16,6,1,8,7,*78
Kole Calhoun*,29,LAA,AL,155,654,569,77,139,23,2,19,71,5,1,71,134,0.244,0.333,0.392,0.725,96,223,10,8,0,6,4,*9
Khris Davis,29,OAK,AL,153,652,566,91,140,28,1,43,110,4,0,73,195,0.247,0.336,0.528,0.864,131,299,20,6,0,7,1,*7D
Rougned Odor*,23,TEX,AL,162,651,607,79,124,21,3,30,75,15,6,32,162,0.204,0.252,0.397,0.649,65,241,13,8,0,4,5,*4/D
Andrew McCutchen,30,PIT,NL,156,650,570,94,159,30,2,28,88,11,5,73,116,0.279,0.363,0.486,0.849,121,277,10,4,0,3,5,*89/D
Kyle Seager*,29,SEA,AL,154,650,578,72,144,33,1,27,88,2,1,58,110,0.249,0.323,0.45,0.773,108,260,6,8,0,6,6,*5
Wil Myers,26,SDP,NL,155,649,567,80,138,29,3,30,74,20,6,70,180,0.243,0.328,0.464,0.792,110,263,15,5,0,7,3,*3/4D
Robinson Cano*,34,SEA,AL,150,648,592,79,166,33,0,23,97,1,0,49,85,0.28,0.338,0.453,0.791,113,268,18,4,0,3,8,*4
Andrelton Simmons,27,LAA,AL,158,647,589,77,164,38,2,14,69,19,6,47,67,0.278,0.331,0.421,0.752,102,248,20,3,0,8,0,*6
Adam Duvall,28,CIN,NL,157,647,587,78,146,37,3,31,99,5,3,39,170,0.249,0.301,0.48,0.782,99,282,11,10,0,11,1,*7/3D
Lorenzo Cain,31,KCR,AL,155,645,584,86,175,27,5,15,49,26,2,54,100,0.3,0.363,0.44,0.803,113,257,20,5,0,2,1,*8/D
Nelson Cruz,36,SEA,AL,155,645,556,91,160,28,0,39,119,1,1,70,140,0.288,0.375,0.549,0.924,147,305,15,12,0,7,7,*D/9
Jed Lowrie#,33,OAK,AL,153,645,567,86,157,49,3,14,69,0,1,73,100,0.277,0.36,0.448,0.808,120,254,10,2,0,3,2,*4D/5
Jose Ramirez#,24,CLE,AL,152,645,585,107,186,56,6,29,83,17,5,52,69,0.318,0.374,0.583,0.957,143,341,13,3,0,5,5,54
Justin Smoak#,30,TOR,AL,158,637,560,85,151,29,1,38,90,0,1,73,128,0.27,0.355,0.529,0.883,128,296,17,2,0,2,3,*3/D
Shin-Soo Choo*,34,TEX,AL,149,636,544,96,142,20,1,22,78,12,3,77,134,0.261,0.357,0.423,0.78,103,230,18,7,3,5,1,9D
Albert Pujols,37,LAA,AL,149,636,593,53,143,17,0,23,101,3,0,37,93,0.241,0.286,0.386,0.672,80,229,26,2,0,4,5,*D/3
Justin Upton,29,TOT,AL,152,635,557,100,152,44,0,35,109,14,5,74,180,0.273,0.361,0.54,0.901,135,301,9,3,0,1,3,*7
Jake Lamb*,26,ARI,NL,149,635,536,89,133,30,4,30,105,6,4,87,152,0.248,0.357,0.487,0.844,112,261,15,7,0,5,13,*5/D
Xander Bogaerts,24,BOS,AL,148,635,571,94,156,32,6,10,62,15,1,56,116,0.273,0.343,0.403,0.746,94,230,17,6,0,2,6,*6
Adam Jones,31,BAL,AL,147,635,597,82,170,28,1,26,73,2,1,27,113,0.285,0.322,0.466,0.787,109,278,18,7,1,3,1,*8
Billy Hamilton#,26,CIN,NL,139,633,582,85,144,17,11,4,38,59,13,44,133,0.247,0.299,0.335,0.634,66,195,5,0,5,2,0,*8
Eugenio Suarez,25,CIN,NL,156,632,534,87,139,25,2,26,82,4,5,84,147,0.26,0.367,0.461,0.828,115,246,16,9,0,5,1,*5/6
Kevin Pillar,28,TOR,AL,154,632,587,72,150,37,1,16,42,15,6,33,95,0.256,0.3,0.404,0.704,83,237,13,6,3,3,0,*8
Whit Merrifield,28,KCR,AL,145,630,587,80,169,32,6,19,78,34,8,29,88,0.288,0.324,0.46,0.784,106,270,13,6,1,7,0,*49/735
Alcides Escobar,30,KCR,AL,162,629,599,71,150,36,5,6,54,4,7,15,102,0.25,0.272,0.357,0.629,66,214,14,4,7,4,1,*6
Corey Dickerson*,28,TBR,AL,150,629,588,84,166,33,4,27,62,4,3,35,152,0.282,0.325,0.49,0.815,120,288,11,3,0,2,6,7D
George Springer,27,HOU,AL,140,629,548,112,155,29,0,34,85,5,7,64,111,0.283,0.367,0.522,0.889,144,286,11,11,0,4,1,*89/D
Alex Bregman,23,HOU,AL,155,626,556,88,158,39,5,19,71,17,5,55,97,0.284,0.352,0.475,0.827,128,264,15,7,1,7,2,*56/4D
Maikel Franco,24,PHI,NL,154,623,575,66,132,29,1,24,76,0,0,41,95,0.23,0.281,0.409,0.69,80,235,21,2,0,5,3,*5/3D
Matt Carpenter*,31,STL,NL,145,622,497,91,120,31,2,23,69,2,1,109,125,0.241,0.384,0.451,0.835,120,224,5,9,2,5,4,*354/D
Josh Bell#,24,PIT,NL,159,620,549,75,140,26,6,26,90,2,4,66,117,0.255,0.334,0.466,0.8,108,256,15,1,0,4,4,*3/D
Steven Souza,28,TBR,AL,148,617,523,78,125,21,2,30,78,16,4,84,179,0.239,0.351,0.459,0.81,121,240,9,7,2,1,2,*9/D8
Jay Bruce*,30,TOT,MLB,146,617,555,82,141,29,2,36,101,1,1,57,139,0.254,0.324,0.508,0.832,115,282,11,2,0,3,0,*93/D
Nomar Mazara*,22,TEX,AL,148,616,554,64,140,30,2,20,101,2,2,55,127,0.253,0.323,0.422,0.745,92,234,12,4,0,3,6,*97D
Corey Seager*,23,LAD,NL,145,613,539,85,159,33,0,22,77,4,2,67,131,0.295,0.375,0.479,0.854,125,258,14,4,0,3,5,*6/D
Ian Kinsler,35,DET,AL,139,613,551,90,130,25,3,22,52,14,5,55,86,0.236,0.313,0.412,0.725,90,227,9,7,0,0,2,*4/D
Kendrys Morales#,34,TOR,AL,150,608,557,67,139,25,0,28,85,0,0,43,132,0.25,0.308,0.445,0.753,95,248,22,5,0,3,2,*D3
Domingo Santana,24,MIL,NL,151,607,525,88,146,29,0,30,85,15,4,73,178,0.278,0.371,0.505,0.875,125,265,12,6,0,3,2,*9
Tim Anderson,24,CHW,AL,146,606,587,72,151,26,4,17,56,15,1,13,162,0.257,0.276,0.402,0.679,81,236,13,3,2,1,0,*6
Travis Shaw*,27,MIL,NL,144,606,538,84,147,34,1,31,101,10,0,60,138,0.273,0.349,0.513,0.862,120,276,20,4,1,3,6,*5/3D
Ryon Healy,25,OAK,AL,149,605,576,66,156,29,0,25,78,0,1,23,142,0.271,0.302,0.451,0.754,103,260,16,4,0,2,0,D35
Anthony Rendon,27,WSN,NL,147,605,508,81,153,41,1,25,100,7,2,84,82,0.301,0.403,0.533,0.937,141,271,7,7,0,6,6,*5
Brandon Phillips,36,TOT,MLB,144,604,572,81,163,34,1,13,60,11,8,21,73,0.285,0.319,0.416,0.735,93,238,21,8,2,1,1,*45/D
Mark Trumbo,31,BAL,AL,146,603,559,79,131,22,0,23,65,1,0,42,149,0.234,0.289,0.397,0.686,83,222,13,1,0,1,0,*D9/35
Logan Morrison*,29,TBR,AL,149,601,512,75,126,22,1,38,85,2,0,81,149,0.246,0.353,0.516,0.868,135,264,12,5,0,3,8,*3D
LgAvg per 600 PA,,,,200,600,536,73,136,27,3,20,70,8,3,51,130,0.254,0.324,0.425,0.749,,228,12,6,3,4,3,
Mike Moustakas*,28,KCR,AL,148,598,555,75,151,24,0,38,85,0,0,34,94,0.272,0.314,0.521,0.835,117,289,18,3,0,6,7,*5D
Joe Mauer*,34,MIN,AL,141,597,525,69,160,36,1,7,71,2,1,66,83,0.305,0.384,0.417,0.801,117,219,17,3,0,3,3,*3D
Mark Reynolds,33,COL,NL,148,593,520,82,139,22,1,30,97,2,1,69,175,0.267,0.352,0.487,0.839,104,253,12,1,0,3,0,*3/D7
Daniel Murphy*,32,WSN,NL,144,593,534,94,172,43,3,23,93,2,0,52,77,0.322,0.384,0.543,0.928,137,290,16,4,0,3,14,*4
Eddie Rosario*,25,MIN,AL,151,589,542,79,157,33,2,27,78,9,8,35,106,0.29,0.328,0.507,0.836,121,275,10,0,4,8,1,*798/D
Chase Headley#,33,NYY,AL,147,586,512,77,140,30,1,12,61,9,2,60,132,0.273,0.352,0.406,0.758,99,208,10,6,1,7,2,53D/4
Trey Mancini,25,BAL,AL,147,586,543,65,159,26,4,24,78,1,0,33,139,0.293,0.338,0.488,0.826,120,265,12,6,0,4,1,73D/9
J.T. Realmuto,26,MIA,NL,141,579,532,68,148,31,5,17,65,8,2,36,106,0.278,0.332,0.451,0.783,110,240,13,8,0,3,4,*2/3D
David Peralta*,29,ARI,NL,140,577,525,82,154,31,3,14,57,8,4,43,94,0.293,0.352,0.444,0.796,100,233,7,6,0,3,1,*97/D
Cesar Hernandez#,27,PHI,NL,128,577,511,85,150,26,6,9,34,15,5,61,104,0.294,0.373,0.421,0.793,111,215,8,4,0,1,1,*4/6
Mitch Moreland*,31,BOS,AL,149,576,508,73,125,34,0,22,79,0,1,57,120,0.246,0.326,0.443,0.769,98,225,14,6,0,5,6,*3/D1
Todd Frazier,31,TOT,AL,147,576,474,74,101,19,1,27,76,4,3,83,125,0.213,0.344,0.428,0.772,105,203,10,14,0,5,2,*5D/3
Ryan Zimmerman,32,WSN,NL,144,576,524,90,159,33,0,36,108,1,0,44,126,0.303,0.358,0.573,0.93,136,300,16,3,0,5,1,*3/D
Tim Beckham,27,TOT,AL,137,575,533,67,148,18,5,22,62,6,5,36,167,0.278,0.328,0.454,0.782,111,242,10,4,1,1,0,*64/5D
Joe Panik*,26,SFG,NL,138,573,511,60,147,28,5,10,53,4,1,46,54,0.288,0.347,0.421,0.768,102,215,10,5,3,8,4,*4
Yasiel Puig,26,LAD,NL,152,570,499,72,131,24,2,28,74,15,6,64,100,0.263,0.346,0.487,0.833,118,243,21,2,0,5,8,*9
Brandon Crawford*,30,SFG,NL,144,570,518,58,131,34,1,14,77,3,5,42,113,0.253,0.305,0.403,0.709,85,209,18,1,0,9,3,*6
Didi Gregorius*,27,NYY,AL,136,570,534,73,153,27,0,25,87,3,1,25,70,0.287,0.318,0.478,0.796,105,255,7,3,0,7,1,*6/D
Max Kepler*,24,MIN,AL,147,568,511,67,124,32,2,19,69,6,1,47,114,0.243,0.312,0.425,0.737,97,217,5,6,1,3,2,*98/D
Buster Posey,30,SFG,NL,140,568,494,62,158,34,0,12,67,6,1,61,66,0.32,0.4,0.462,0.861,127,228,17,8,0,5,13,23/D
Chris Taylor,26,LAD,NL,140,568,514,85,148,34,5,21,72,17,4,50,142,0.288,0.354,0.496,0.85,122,255,2,3,0,1,0,8746/5
Jean Segura,27,SEA,AL,125,566,524,80,157,30,2,11,45,22,8,34,83,0.3,0.349,0.427,0.776,110,224,14,6,0,1,3,*6
Yuli Gurriel,33,HOU,AL,139,564,529,69,158,43,1,18,75,3,2,22,62,0.299,0.332,0.486,0.817,124,257,12,7,0,6,1,*3/5D4
Odubel Herrera*,25,PHI,NL,138,563,526,67,148,42,3,14,56,8,5,31,126,0.281,0.325,0.452,0.778,104,238,13,4,0,2,4,*8
Jose Reyes#,34,NYM,NL,145,561,501,75,123,25,7,15,58,24,6,50,79,0.246,0.315,0.413,0.728,91,207,3,2,5,3,1,654/87
Avisail Garcia,26,CHW,AL,136,561,518,75,171,27,5,18,80,5,3,33,111,0.33,0.38,0.506,0.885,138,262,14,9,0,1,5,*9/D
Jordy Mercer,30,PIT,NL,145,558,502,52,128,24,5,14,58,0,4,51,88,0.255,0.326,0.406,0.733,92,204,16,3,0,2,13,*6
Trevor Story,24,COL,NL,145,555,503,68,120,32,3,24,82,7,2,49,191,0.239,0.308,0.457,0.765,85,230,12,2,0,1,4,*6
Hanley Ramirez,33,BOS,AL,133,553,496,58,120,24,0,23,62,1,3,51,116,0.242,0.32,0.429,0.75,93,213,15,6,0,0,8,D3
Dansby Swanson,23,ATL,NL,144,551,488,59,113,23,2,6,51,3,3,59,120,0.232,0.312,0.324,0.636,69,158,7,0,0,4,10,*6
Eric Thames*,30,MIL,NL,138,551,469,83,116,26,4,31,63,4,2,75,163,0.247,0.359,0.518,0.877,124,243,6,7,0,0,5,37/9D
Ben Gamel*,25,SEA,AL,134,550,509,68,140,27,5,11,59,4,1,36,122,0.275,0.322,0.413,0.735,99,210,8,1,1,3,1,*79/3
Orlando Arcia,22,MIL,NL,153,548,506,56,140,17,2,15,53,14,7,36,100,0.277,0.324,0.407,0.731,89,206,10,1,2,3,9,*6
Cody Bellinger*,21,LAD,NL,132,548,480,87,128,26,4,39,97,10,3,64,146,0.267,0.352,0.581,0.933,142,279,5,1,0,3,13,37/98D
Matthew Joyce*,32,OAK,AL,141,544,469,78,114,33,0,25,68,4,1,66,113,0.243,0.335,0.473,0.808,118,222,10,2,0,7,0,*97/D8
Jorge Polanco#,23,MIN,AL,133,544,488,60,125,30,3,13,74,13,5,41,78,0.256,0.313,0.41,0.723,93,200,7,2,7,6,1,*6/D
Yadier Molina,34,STL,NL,136,543,501,60,137,27,1,18,82,9,4,28,74,0.273,0.312,0.439,0.751,96,220,14,4,1,9,4,*2/3
Justin Turner,32,LAD,NL,130,543,457,72,147,32,0,21,71,7,1,59,56,0.322,0.415,0.53,0.945,149,242,12,19,1,7,5,*5/D
Denard Span*,33,SFG,NL,129,542,497,73,135,31,5,12,43,12,7,40,69,0.272,0.329,0.427,0.756,98,212,11,3,1,1,0,*8
Josh Harrison,29,PIT,NL,128,542,486,66,132,26,2,16,47,12,4,28,90,0.272,0.339,0.432,0.771,101,210,5,23,2,3,2,45/79
Alex Gordon*,33,KCR,AL,148,541,476,52,99,20,2,9,45,7,4,45,126,0.208,0.293,0.315,0.608,63,150,7,14,2,4,3,*78/9
Jackie Bradley*,27,BOS,AL,133,541,482,58,118,19,3,17,63,8,3,48,124,0.245,0.323,0.402,0.726,88,194,8,9,0,2,4,*8
Asdrubal Cabrera#,31,NYM,NL,135,540,479,66,134,32,0,14,59,3,2,50,83,0.28,0.351,0.434,0.785,107,208,19,5,1,5,1,654/D
Josh Reddick*,30,HOU,AL,134,540,477,77,150,34,4,13,82,7,3,43,72,0.314,0.363,0.484,0.847,134,231,9,0,1,12,1,*978/D3
Hunter Pence,34,SFG,NL,134,539,493,55,128,13,5,13,67,2,3,40,102,0.26,0.315,0.385,0.701,84,190,8,2,0,4,1,*9/D
Yolmer Sanchez#,25,CHW,AL,141,534,484,63,129,19,8,12,59,8,9,35,111,0.267,0.319,0.413,0.732,97,200,10,4,7,4,2,45/D69
Carlos Gonzalez*,31,COL,NL,136,534,470,72,123,34,0,14,57,3,0,56,119,0.262,0.339,0.423,0.762,87,199,9,2,0,6,3,*9/D
Tommy Joseph,25,PHI,NL,142,533,495,51,119,27,1,22,69,1,0,33,129,0.24,0.289,0.432,0.721,88,214,21,2,0,3,1,*3/D
Joey Gallo*,23,TEX,AL,145,532,449,85,94,18,3,41,80,7,2,75,196,0.209,0.333,0.537,0.869,121,241,3,8,0,0,1,537/D
Scott Schebler*,26,CIN,NL,141,531,473,63,110,25,2,30,67,5,3,39,125,0.233,0.307,0.484,0.791,102,229,7,14,0,5,5,*98
Tommy Pham,29,STL,NL,128,530,444,95,136,22,2,23,73,25,7,71,117,0.306,0.411,0.52,0.931,144,231,18,10,2,3,0,*78/9
Miguel Cabrera,34,DET,AL,130,529,469,50,117,22,0,16,60,0,1,54,110,0.249,0.329,0.399,0.728,92,187,15,3,0,3,6,*3D
Manuel Margot,22,SDP,NL,126,529,487,53,128,18,7,13,39,17,7,35,106,0.263,0.313,0.409,0.721,92,199,6,2,1,4,0,*8
Curtis Granderson*,36,TOT,NL,147,527,449,74,95,24,3,26,64,6,2,71,123,0.212,0.323,0.452,0.775,103,203,5,4,0,3,2,*897/D
Gary Sanchez,24,NYY,AL,122,525,471,79,131,20,0,33,90,2,1,40,120,0.278,0.345,0.531,0.876,125,250,9,10,0,4,1,2D/3
Chris Davis*,31,BAL,AL,128,524,456,65,98,15,1,26,61,1,1,61,195,0.215,0.309,0.423,0.732,95,193,7,3,0,4,4,*3/5D
Yonder Alonso*,30,TOT,AL,142,521,451,72,120,22,0,28,67,2,0,68,118,0.266,0.365,0.501,0.866,134,226,9,2,0,0,6,*3/D
Jose Peraza,23,CIN,NL,143,518,487,50,126,9,4,5,37,23,8,20,70,0.259,0.297,0.324,0.622,63,158,7,7,3,1,1,46/8
Marwin Gonzalez#,28,HOU,AL,134,515,455,67,138,34,0,23,90,8,3,49,99,0.303,0.377,0.53,0.907,149,241,8,6,3,2,4,76345/9
Freddie Freeman*,27,ATL,NL,117,514,440,84,135,35,2,28,71,8,5,65,95,0.307,0.403,0.586,0.989,157,258,9,7,0,2,14,35
Yangervis Solarte#,29,SDP,NL,128,512,466,49,119,21,0,18,64,3,0,37,61,0.255,0.314,0.416,0.731,94,194,18,5,0,4,4,465/3D
Byron Buxton,23,MIN,AL,140,511,462,69,117,14,6,16,51,29,1,38,150,0.253,0.314,0.413,0.728,95,191,1,4,5,2,2,*8/D
Carlos Beltran#,40,HOU,AL,129,509,467,60,108,29,0,14,51,0,0,33,102,0.231,0.283,0.383,0.666,84,179,9,3,0,6,3,D7/9
Javier Baez,24,CHC,NL,145,508,469,75,128,24,2,23,75,10,3,30,144,0.273,0.317,0.48,0.796,102,225,10,1,6,2,15,46/539
Zack Cozart,31,CIN,NL,122,507,438,80,130,24,7,24,63,3,0,62,78,0.297,0.385,0.548,0.933,140,240,5,3,0,4,0,*6/D
Mike Trout,25,LAA,AL,114,507,402,92,123,25,3,33,72,22,4,94,90,0.306,0.442,0.629,1.071,186,253,8,7,0,4,15,8/D
David Freese,34,PIT,NL,130,503,426,44,112,16,0,10,52,0,1,58,116,0.263,0.368,0.371,0.739,96,158,10,15,0,4,5,*5/3D
Danny Valencia,32,SEA,AL,130,500,450,54,115,19,3,15,66,2,2,40,122,0.256,0.314,0.411,0.725,96,185,16,2,0,8,0,*39/5
Eduardo Escobar#,28,MIN,AL,129,499,457,62,116,16,5,21,73,5,1,33,98,0.254,0.309,0.449,0.758,101,205,5,5,1,3,3,5D6/472
Salvador Perez,27,KCR,AL,129,499,471,57,126,24,1,27,80,1,0,17,95,0.268,0.297,0.495,0.792,106,233,23,5,0,5,3,*2D
Scooter Gennett*,27,CIN,NL,141,497,461,80,136,22,3,27,97,3,2,30,114,0.295,0.342,0.531,0.874,123,245,15,4,0,2,1,45/79D1
Ben Zobrist#,36,CHC,NL,128,496,435,58,101,20,3,12,50,2,2,54,71,0.232,0.318,0.375,0.693,79,163,13,2,2,3,2,479/36
Josh Donaldson,31,TOR,AL,113,496,415,65,112,21,0,33,78,2,2,76,111,0.27,0.385,0.559,0.944,145,232,5,3,0,2,1,5/D6
Bryce Harper*,24,WSN,NL,111,492,420,95,134,27,1,29,87,4,2,68,99,0.319,0.413,0.595,1.008,158,250,15,1,0,3,11,*9
Lucas Duda*,31,TOT,MLB,127,491,423,50,92,28,0,30,64,0,0,60,135,0.217,0.322,0.496,0.818,116,210,9,6,0,2,6,3D
Dexter Fowler#,31,STL,NL,118,491,420,68,111,22,9,18,64,7,3,63,101,0.264,0.363,0.488,0.851,122,205,10,4,0,4,6,*8/D
Eduardo Nunez,30,TOT,MLB,114,491,467,60,146,33,0,12,58,24,7,18,54,0.313,0.341,0.46,0.801,108,215,11,3,1,2,0,5476/D9
Jose Iglesias,27,DET,AL,130,489,463,56,118,33,1,6,54,7,4,21,65,0.255,0.288,0.369,0.657,73,171,6,1,3,1,0,*6
J.D. Martinez,29,TOT,MLB,119,489,432,85,131,26,3,45,104,4,0,53,128,0.303,0.376,0.69,1.066,167,298,23,0,0,4,8,*9/D
Kyle Schwarber*,24,CHC,NL,129,486,422,67,89,16,1,30,59,1,1,59,150,0.211,0.315,0.467,0.782,99,197,6,5,0,0,1,*7/D23
Cory Spangenberg*,26,SDP,NL,129,486,444,57,117,18,2,13,46,11,3,34,128,0.264,0.322,0.401,0.723,93,178,2,5,2,1,1,57/4
Mike Napoli,35,TEX,AL,124,485,425,60,82,11,1,29,66,1,2,49,163,0.193,0.285,0.428,0.713,82,182,11,7,0,3,3,3D
Miguel Sano,24,MIN,AL,114,483,424,75,112,15,2,28,77,0,0,54,173,0.264,0.352,0.507,0.859,128,215,12,4,0,1,5,5D/3
Yasmani Grandal#,28,LAD,NL,129,482,438,50,108,27,0,22,58,0,1,40,130,0.247,0.308,0.459,0.767,100,201,10,0,1,3,0,*2
Jason Heyward*,27,CHC,NL,126,481,432,59,112,15,4,11,59,4,4,41,67,0.259,0.326,0.389,0.715,84,168,8,3,2,2,1,*98
Jedd Gyorko,28,STL,NL,125,481,426,52,116,21,2,20,67,6,2,47,105,0.272,0.341,0.472,0.813,112,201,12,1,0,7,1,*53/4D7
Jonathan Lucroy,31,TOT,MLB,123,481,423,45,112,21,3,6,40,1,0,46,51,0.265,0.345,0.371,0.716,84,157,16,8,0,4,6,*2D/3
Carlos Correa,22,HOU,AL,109,481,422,82,133,25,1,24,84,2,1,53,92,0.315,0.391,0.55,0.941,158,232,12,2,0,4,5,6/D
Brandon Drury,24,ARI,NL,135,480,445,41,119,37,2,13,63,1,1,28,103,0.267,0.317,0.447,0.764,91,199,9,5,0,2,1,*4/D5
Hunter Renfroe,25,SDP,NL,122,479,445,51,103,25,1,26,58,3,0,27,140,0.231,0.284,0.467,0.751,97,208,4,6,0,1,1,*9/D
Starlin Castro,27,NYY,AL,112,473,443,66,133,18,1,16,63,2,0,23,93,0.3,0.338,0.454,0.792,106,201,9,4,0,3,1,*4/D
Martin Maldonado,30,LAA,AL,138,471,429,43,95,19,1,14,38,0,2,15,119,0.221,0.276,0.368,0.645,73,158,12,18,8,1,1,*2/3
Matt Kemp,32,ATL,NL,115,467,438,47,121,23,1,19,64,0,2,27,99,0.276,0.318,0.463,0.781,103,203,25,0,0,1,5,7/D
A.J. Pollock,29,ARI,NL,112,466,425,73,113,33,6,14,49,20,6,35,71,0.266,0.33,0.471,0.801,100,200,8,6,0,0,1,*8/D
Matt Wieters#,31,WSN,NL,123,465,422,43,95,20,0,10,52,1,0,38,94,0.225,0.288,0.344,0.632,64,145,14,1,0,4,4,*2
Derek Dietrich*,27,MIA,NL,135,464,406,56,101,22,5,13,53,0,1,36,98,0.249,0.334,0.424,0.758,104,172,4,18,0,4,5,534/7
Keon Broxton,27,MIL,NL,143,463,414,66,91,15,4,20,49,21,7,40,175,0.22,0.299,0.42,0.719,84,174,3,7,1,1,1,*8
Dustin Pedroia,33,BOS,AL,105,463,406,46,119,19,0,7,62,4,3,49,48,0.293,0.369,0.392,0.76,99,159,11,2,2,4,4,4/D
Ryan Goins*,29,TOR,AL,143,459,418,37,99,21,1,9,62,3,2,31,96,0.237,0.286,0.356,0.643,68,149,14,0,5,5,0,64/5D
Hernan Perez,26,MIL,NL,136,458,432,47,112,19,3,14,51,13,4,20,79,0.259,0.289,0.414,0.704,80,179,8,0,2,4,1,75984/631
Robbie Grossman#,27,MIN,AL,119,456,382,62,94,22,1,9,45,3,1,67,79,0.246,0.361,0.38,0.741,101,145,6,3,2,2,0,D97
Adam Frazier*,25,PIT,NL,121,454,406,55,112,20,6,6,53,9,5,36,57,0.276,0.344,0.399,0.743,95,162,9,8,1,3,2,749/85D6
Brandon Belt*,29,SFG,NL,104,451,382,63,92,27,3,18,51,3,2,66,104,0.241,0.355,0.469,0.823,115,179,5,2,0,1,2,37/9
Cameron Maybin,30,TOT,AL,114,450,395,63,90,20,2,10,35,33,8,51,94,0.228,0.318,0.365,0.683,86,144,12,2,1,1,1,*879/D
Neil Walker#,31,TOT,NL,111,448,385,59,102,21,2,14,49,0,2,55,77,0.265,0.362,0.439,0.801,110,169,9,5,1,2,2,43/5
Trea Turner,24,WSN,NL,98,447,412,75,117,24,6,11,45,46,8,30,80,0.284,0.338,0.451,0.789,103,186,4,4,0,1,0,6
Matt Davidson,26,CHW,AL,118,443,414,43,91,16,1,26,68,0,1,19,165,0.22,0.26,0.452,0.711,88,187,12,5,0,5,0,D53
Paul DeJong,23,STL,NL,108,443,417,55,119,26,1,25,65,1,0,21,124,0.285,0.325,0.532,0.857,121,222,8,4,0,1,1,64
Randal Grichuk,25,STL,NL,122,442,412,53,98,25,3,22,59,6,1,26,133,0.238,0.285,0.473,0.758,95,195,9,2,0,2,3,79/8
Delino DeShields,24,TEX,AL,120,440,376,75,101,15,2,6,22,29,8,44,109,0.269,0.347,0.367,0.714,87,138,2,3,13,4,0,78/D
Michael Conforto*,24,NYM,NL,109,440,373,72,104,20,1,27,68,2,0,57,113,0.279,0.384,0.555,0.939,145,207,3,8,0,2,5,789/D
Logan Forsythe,30,LAD,NL,119,439,361,56,81,19,0,6,36,3,2,69,109,0.224,0.351,0.327,0.678,82,118,12,4,0,5,1,45/763
Jonathan Villar#,26,MIL,NL,122,436,403,49,97,18,1,11,40,23,8,30,132,0.241,0.293,0.372,0.665,71,150,4,0,2,1,1,4/8D
Mike Zunino,26,SEA,AL,124,435,387,52,97,25,0,25,64,1,0,39,160,0.251,0.331,0.509,0.84,124,197,8,8,0,1,0,*2/D
Victor Martinez#,38,DET,AL,107,435,392,38,100,16,0,10,47,0,0,36,63,0.255,0.324,0.372,0.697,84,146,15,5,0,2,3,D
Jon Jay*,32,CHC,NL,141,433,379,65,112,18,3,2,34,6,2,37,80,0.296,0.374,0.375,0.749,95,142,11,12,3,2,3,*789/D1
Michael Taylor,26,WSN,NL,118,432,399,55,108,23,3,19,53,17,7,29,137,0.271,0.32,0.486,0.806,105,194,3,1,1,2,3,*8/9
Justin Bour*,29,MIA,NL,108,429,377,52,109,18,0,25,83,1,0,47,95,0.289,0.366,0.536,0.902,141,202,10,1,0,4,7,3/D
Willson Contreras,25,CHC,NL,117,428,377,50,104,21,0,21,74,5,4,45,98,0.276,0.356,0.499,0.855,118,188,13,3,1,2,2,2/3795
Matt Holliday,37,NYY,AL,105,427,373,50,86,18,0,19,64,1,0,46,114,0.231,0.316,0.432,0.748,94,161,14,3,0,5,0,D/3
Guillermo Heredia,26,SEA,AL,123,426,386,43,96,16,0,6,24,1,5,27,64,0.249,0.315,0.337,0.652,79,130,9,11,1,1,2,*87/D9
Carlos Gomez,31,TEX,AL,105,426,368,51,94,23,1,17,51,13,5,31,127,0.255,0.34,0.462,0.802,106,170,3,19,3,5,0,8/D
Gerardo Parra*,30,COL,NL,115,425,392,56,121,24,1,10,71,2,5,20,67,0.309,0.341,0.452,0.793,93,177,13,4,0,9,0,79/38D
Ryan Braun,33,MIL,NL,104,425,380,58,102,28,2,17,52,12,4,38,76,0.268,0.336,0.487,0.823,110,185,15,3,0,4,2,7/D
Tucker Barnhart#,26,CIN,NL,121,423,370,26,100,24,2,7,44,4,0,42,68,0.27,0.347,0.403,0.75,95,149,12,3,5,3,11,*2
Jorge Bonifacio,24,KCR,AL,113,422,384,55,98,15,1,17,40,1,1,35,118,0.255,0.32,0.432,0.752,98,166,8,2,0,1,0,9/7D8
Kevin Kiermaier*,27,TBR,AL,98,421,380,56,105,15,3,15,39,16,7,31,99,0.276,0.338,0.45,0.788,114,171,3,5,4,1,2,8
Austin Hedges,24,SDP,NL,120,417,387,36,83,17,0,18,55,4,1,23,122,0.214,0.262,0.398,0.66,74,154,10,3,1,3,3,*2/D
Ian Happ#,22,CHC,NL,115,413,364,62,92,17,3,24,68,8,4,39,129,0.253,0.328,0.514,0.842,113,187,12,4,2,4,5,8479/5
Aaron Altherr,26,PHI,NL,107,412,372,58,101,24,5,19,65,5,4,32,104,0.272,0.34,0.516,0.856,123,192,12,7,0,1,2,798
Gregory Polanco*,25,PIT,NL,108,411,379,39,95,20,0,11,35,8,1,27,60,0.251,0.305,0.391,0.695,81,148,5,3,0,1,4,97/8D
Kolten Wong*,26,STL,NL,108,411,354,55,101,27,3,4,42,8,2,41,60,0.285,0.376,0.412,0.788,109,146,4,12,1,3,11,4
Mitch Haniger,26,SEA,AL,96,410,369,58,104,25,2,16,47,5,4,31,93,0.282,0.352,0.491,0.843,126,181,9,9,1,0,0,9/87
Jacoby Ellsbury*,33,NYY,AL,112,409,356,65,94,20,4,7,39,22,3,41,63,0.264,0.348,0.402,0.75,97,143,7,5,2,0,3,8/D
Jason Castro*,30,MIN,AL,110,407,356,49,86,22,0,10,47,0,0,45,108,0.242,0.333,0.388,0.72,94,138,10,4,1,1,1,2
Brad Miller*,27,TBR,AL,110,407,338,43,68,13,3,9,40,5,3,63,110,0.201,0.327,0.337,0.664,84,114,5,2,0,4,4,4D
Brandon Moss*,33,KCR,AL,118,401,362,41,75,14,0,22,50,2,0,37,128,0.207,0.279,0.428,0.707,85,155,7,0,0,2,0,D3/79
Luis Valbuena*,31,LAA,AL,117,401,347,42,69,15,0,22,65,0,2,48,106,0.199,0.294,0.432,0.727,94,150,6,1,0,5,1,53/D
Stephen Piscotty,26,STL,NL,107,401,341,40,80,16,1,9,39,3,6,52,87,0.235,0.342,0.367,0.708,88,125,11,5,0,3,2,9
Brian McCann*,33,HOU,AL,97,399,349,47,84,12,1,18,62,1,0,38,58,0.241,0.323,0.436,0.759,109,152,9,7,0,5,3,2/D
Daniel Descalso*,30,ARI,NL,130,398,344,47,80,16,5,10,51,4,0,48,89,0.233,0.332,0.395,0.727,84,136,6,4,0,2,0,4735/1D6
James McCann,27,DET,AL,106,391,352,39,89,14,2,13,49,1,0,26,89,0.253,0.318,0.415,0.733,92,146,8,9,1,3,0,2/D
Jarrod Dyson*,32,SEA,AL,111,390,346,56,87,13,3,5,30,28,7,28,55,0.251,0.324,0.35,0.674,84,121,3,10,4,2,2,87/D
Adrian Beltre,38,TEX,AL,94,389,340,47,106,22,1,17,71,1,0,39,52,0.312,0.383,0.532,0.915,135,181,7,4,0,6,2,5D
Chris Owings,25,ARI,NL,97,386,362,41,97,25,1,12,51,12,2,17,87,0.268,0.299,0.442,0.741,85,160,3,1,2,4,0,694/7
Marcus Semien,26,OAK,AL,85,386,342,53,85,19,1,10,40,12,1,38,85,0.249,0.325,0.398,0.722,97,136,3,2,1,3,0,6
Addison Russell,23,CHC,NL,110,385,352,52,84,21,3,12,43,2,1,29,91,0.239,0.304,0.418,0.722,84,147,5,4,0,0,5,6
Yan Gomes,29,CLE,AL,105,383,341,43,79,15,0,14,56,0,0,31,99,0.232,0.309,0.399,0.708,82,136,9,8,1,2,0,2
Yunel Escobar,34,LAA,AL,89,381,350,43,96,20,1,7,31,1,4,29,51,0.274,0.333,0.397,0.73,98,139,15,2,0,0,0,5/D
Mikie Mahtook,27,DET,AL,109,379,348,50,96,15,6,12,38,6,0,23,79,0.276,0.33,0.457,0.787,105,159,4,6,0,2,0,897/D
Alex Avila*,30,TOT,MLB,112,376,311,41,82,13,1,14,49,0,1,62,120,0.264,0.387,0.447,0.834,119,139,10,1,1,1,2,23/D
Travis d'Arnaud,28,NYM,NL,112,376,348,39,85,19,1,16,57,0,0,23,59,0.244,0.293,0.443,0.735,91,154,12,2,0,3,3,2/45D
Michael Brantley*,30,CLE,AL,90,375,338,47,101,20,1,9,52,11,1,31,50,0.299,0.357,0.444,0.801,107,150,8,2,0,4,3,7/D
Norichika Aoki*,35,TOT,MLB,109,374,336,48,93,20,2,5,35,10,2,29,44,0.277,0.335,0.393,0.728,98,132,12,3,1,5,1,79/8D1
Seth Smith*,34,BAL,AL,111,373,330,50,85,19,0,13,32,2,0,36,79,0.258,0.34,0.433,0.774,107,143,7,6,0,1,3,97/D
C.J. Cron,27,LAA,AL,100,373,339,39,84,14,1,16,56,3,2,22,96,0.248,0.305,0.437,0.741,98,148,5,7,0,3,0,3
Ian Desmond,31,COL,NL,95,373,339,47,93,11,1,7,40,15,4,24,87,0.274,0.326,0.375,0.701,72,127,13,4,2,4,1,73/86
Jason Kipnis*,30,CLE,AL,90,373,336,43,78,25,0,12,35,6,2,28,71,0.232,0.291,0.414,0.705,80,139,0,2,2,5,0,48/D
Erick Aybar#,33,SDP,NL,108,370,333,37,78,15,1,7,22,11,4,28,57,0.234,0.3,0.348,0.648,74,116,5,4,3,2,2,6/1
Tyler Flowers,31,ATL,NL,99,370,317,41,89,16,0,12,49,0,1,31,82,0.281,0.378,0.445,0.823,117,141,6,20,0,2,1,2/D
Matt Adams*,28,TOT,NL,131,367,339,46,93,22,1,20,65,0,0,23,88,0.274,0.319,0.522,0.841,117,177,5,1,0,4,5,37/D
Rajai Davis,36,TOT,AL,117,366,336,56,79,19,2,5,20,29,7,27,83,0.235,0.293,0.348,0.641,74,117,12,1,1,1,1,*87/9D
Wilmer Difo#,25,WSN,NL,124,365,332,47,90,10,4,5,21,10,1,24,74,0.271,0.319,0.37,0.69,79,123,7,1,5,3,6,64/5978D
Welington Castillo,30,BAL,AL,96,365,341,44,96,11,0,20,53,0,0,22,97,0.282,0.323,0.49,0.813,115,167,10,0,0,2,0,2/D
Russell Martin,34,TOR,AL,91,365,307,49,68,12,0,13,35,1,2,50,83,0.221,0.343,0.388,0.731,93,119,13,7,1,0,0,25
Darwin Barney,31,TOR,AL,129,362,336,34,78,14,0,6,25,7,2,18,64,0.232,0.275,0.327,0.602,58,110,13,2,5,1,0,456/7D
Wilmer Flores,25,NYM,NL,110,362,336,42,91,17,1,18,52,1,1,17,54,0.271,0.307,0.488,0.795,106,164,14,3,0,6,1,534/D
Aaron Hicks#,27,NYY,AL,88,361,301,54,80,18,0,15,52,10,5,51,67,0.266,0.372,0.475,0.847,121,143,8,3,1,5,0,879
Manny Pina,30,MIL,NL,107,359,330,45,92,21,0,9,43,2,0,20,79,0.279,0.327,0.424,0.751,93,140,8,5,1,3,0,2
Chase Utley*,38,LAD,NL,127,353,309,43,73,20,4,8,34,6,1,32,57,0.236,0.324,0.405,0.728,92,125,3,9,1,2,0,43/D
Gorkys Hernandez,29,SFG,NL,128,348,310,40,79,20,1,0,22,12,4,31,73,0.255,0.327,0.326,0.652,74,101,6,3,2,2,3,*789
Andrew Romine#,31,DET,AL,124,348,318,45,74,17,2,4,25,6,4,22,67,0.233,0.289,0.336,0.625,65,107,7,4,2,2,0,4853796/D12
Adeiny Hechavarria,28,TOT,MLB,97,348,330,37,86,14,5,8,30,4,1,13,67,0.261,0.289,0.406,0.695,88,134,7,1,2,2,1,6
Steve Pearce,34,TOR,AL,92,348,313,38,79,17,1,13,37,0,0,27,68,0.252,0.319,0.438,0.757,97,137,11,5,0,3,1,73/D
Christian Vazquez,26,BOS,AL,99,345,324,43,94,18,2,5,32,7,2,17,64,0.29,0.33,0.404,0.735,90,131,14,3,0,1,0,2/5D
Jose Pirela,27,SDP,NL,83,344,312,43,90,25,4,10,40,4,3,27,71,0.288,0.347,0.49,0.837,122,153,8,2,1,2,0,7/439D5
Carlos Asuaje*,25,SDP,NL,89,343,307,28,83,14,1,4,21,0,1,28,76,0.27,0.334,0.362,0.696,88,111,6,2,5,1,0,4/3
Nick Williams*,23,PHI,NL,83,343,313,45,90,14,4,12,55,1,2,20,97,0.288,0.338,0.473,0.811,112,148,8,6,0,4,0,987/D
Enrique Hernandez,25,LAD,NL,140,342,297,46,64,24,2,11,37,3,0,41,80,0.215,0.308,0.421,0.729,91,125,4,0,1,3,2,87695/43D
Starling Marte,28,PIT,NL,77,339,309,48,85,7,2,7,31,21,4,20,63,0.275,0.333,0.379,0.712,87,117,5,8,0,2,0,78
Ronald Torreyes,24,NYY,AL,108,336,315,35,92,15,1,3,36,2,0,11,43,0.292,0.314,0.375,0.689,80,118,9,1,5,4,0,465/D9
Adam Engel,25,CHW,AL,97,336,301,34,50,11,3,6,21,8,1,19,117,0.166,0.235,0.282,0.517,40,85,1,8,8,0,0,8/7
Howie Kendrick,33,TOT,NL,91,334,305,40,96,16,3,9,41,12,5,22,68,0.315,0.368,0.475,0.844,119,145,8,5,0,2,0,74/39D
Bradley Zimmer*,24,CLE,AL,101,332,299,41,72,15,2,8,39,18,1,26,99,0.241,0.307,0.385,0.692,78,115,5,4,0,3,1,8
Cameron Rupp,28,PHI,NL,88,331,295,35,64,17,0,14,34,1,0,34,114,0.217,0.299,0.417,0.716,87,123,5,1,0,1,3,2
Leury Garcia#,26,CHW,AL,87,326,300,41,81,15,2,9,33,8,5,13,69,0.27,0.316,0.423,0.739,98,127,4,8,3,2,0,87/946
Matt Chapman,24,OAK,AL,84,326,290,39,68,23,2,14,40,0,3,32,92,0.234,0.313,0.472,0.785,111,137,2,2,0,2,0,5
Ezequiel Carrera*,30,TOR,AL,131,325,287,38,81,10,1,8,20,10,1,30,75,0.282,0.356,0.408,0.764,101,117,4,3,5,0,0,*798/D
Evan Gattis,30,HOU,AL,84,325,300,41,79,22,0,12,55,0,1,18,50,0.263,0.311,0.457,0.767,110,137,10,4,0,3,0,2D/3
Albert Almora,23,CHC,NL,132,323,299,39,89,18,1,8,46,1,0,19,53,0.298,0.338,0.445,0.782,100,133,8,0,3,2,1,8/79
Joc Pederson*,25,LAD,NL,102,323,273,44,58,20,0,11,35,4,3,39,68,0.212,0.331,0.407,0.738,95,111,7,10,0,1,1,8/7
Yoenis Cespedes,31,NYM,NL,81,321,291,46,85,17,2,17,42,0,1,26,61,0.292,0.352,0.54,0.892,132,157,7,2,0,2,5,7/D
Austin Jackson,30,CLE,AL,85,318,280,46,89,19,3,7,35,3,1,33,64,0.318,0.387,0.482,0.869,124,135,13,1,0,4,0,879
Chris Iannetta,34,ARI,NL,89,316,272,38,69,19,0,17,43,0,0,37,87,0.254,0.354,0.511,0.865,116,139,3,6,0,1,0,2/5
Trevor Plouffe,31,TOT,AL,100,313,283,31,56,7,0,9,19,1,2,28,88,0.198,0.272,0.318,0.59,61,90,12,1,0,1,2,5D3/4
Adam Rosales,34,TOT,MLB,105,312,289,25,65,16,0,7,36,1,2,11,100,0.225,0.26,0.353,0.613,62,102,6,4,4,4,1,654/3D7
Jesus Aguilar,27,MIL,NL,133,311,279,40,74,15,2,16,52,0,0,25,94,0.265,0.331,0.505,0.837,113,141,8,4,0,3,1,3/D5
Robinson Chirinos,33,TEX,AL,88,309,263,46,67,13,1,17,38,1,0,34,79,0.255,0.36,0.506,0.866,122,133,5,10,1,1,0,2/D
Chad Pinder,25,OAK,AL,87,309,282,36,67,15,1,15,42,2,1,18,92,0.238,0.292,0.457,0.75,101,129,7,5,0,3,0,964/8D7
Kurt Suzuki,33,ATL,NL,81,309,276,38,78,13,0,19,50,0,0,17,39,0.283,0.351,0.536,0.887,130,148,5,13,1,2,2,2
Ben Revere*,29,LAA,AL,109,308,291,37,80,13,2,1,20,21,6,15,25,0.275,0.308,0.344,0.652,77,100,7,0,0,2,0,7/8D
Jose Martinez,28,STL,NL,106,307,272,47,84,13,1,14,46,4,0,32,60,0.309,0.379,0.518,0.897,134,141,9,0,1,2,2,379/D
Miguel Rojas,28,MIA,NL,90,306,272,37,79,16,2,1,26,2,1,27,32,0.29,0.361,0.375,0.736,101,102,6,4,1,2,5,65/34
Francisco Cervelli,31,PIT,NL,81,304,265,31,66,13,2,5,31,0,2,32,65,0.249,0.342,0.37,0.712,88,98,7,6,0,1,0,2
Nick Hundley,33,SFG,NL,101,303,287,27,70,23,0,9,35,0,0,12,81,0.244,0.272,0.418,0.691,79,120,6,0,2,2,2,2/D
Stephen Vogt*,32,TOT,MLB,99,303,279,25,65,15,1,12,40,0,1,21,56,0.233,0.285,0.423,0.708,86,118,2,0,1,2,1,2/D7
John Jaso*,33,PIT,NL,126,302,256,28,54,19,0,10,35,1,1,40,66,0.211,0.328,0.402,0.73,91,103,5,5,0,1,2,937
Adam Lind*,33,WSN,NL,116,301,267,39,81,14,0,14,59,1,0,28,47,0.303,0.362,0.513,0.875,124,137,6,0,0,6,5,37/D
Sandy Leon#,28,BOS,AL,85,301,271,32,61,14,0,7,39,0,0,25,74,0.225,0.29,0.354,0.644,67,96,5,1,1,3,1,2
Aledmys Diaz,26,STL,NL,79,301,286,31,74,17,0,7,20,4,1,13,42,0.259,0.29,0.392,0.682,78,112,9,0,1,1,1,6/574
Eric Sogard*,31,MIL,NL,94,299,249,37,68,15,1,3,18,3,3,45,37,0.273,0.393,0.378,0.77,102,94,7,4,1,0,2,46/57
Danny Espinosa#,30,TOT,AL,93,295,266,30,46,10,0,6,31,4,5,21,109,0.173,0.245,0.278,0.523,42,74,2,5,1,2,1,4/563D
Omar Narvaez*,25,CHW,AL,90,295,253,23,70,10,0,2,14,0,0,38,45,0.277,0.373,0.34,0.713,97,86,8,1,3,0,1,2/3D
Kevan Smith,29,CHW,AL,87,294,276,23,78,17,0,4,30,0,0,9,46,0.283,0.309,0.388,0.697,88,107,9,3,2,3,0,2/D
Greg Garcia*,27,STL,NL,133,290,241,27,61,9,2,2,20,2,1,37,64,0.253,0.365,0.332,0.697,87,80,6,6,5,1,0,546
Jayson Werth,38,WSN,NL,70,289,252,35,57,10,1,10,29,4,3,35,69,0.226,0.322,0.393,0.715,85,99,4,1,0,1,1,79/D
Mallex Smith*,24,TBR,AL,81,282,256,33,69,8,4,2,12,16,5,23,62,0.27,0.329,0.355,0.684,89,91,2,0,2,1,0,87/9D
Tyler Saladino,27,CHW,AL,79,281,253,23,45,9,2,0,10,5,4,23,67,0.178,0.254,0.229,0.484,33,58,5,3,2,0,0,45D6/3
Taylor Motter,27,SEA,AL,92,280,258,29,51,12,0,7,26,12,1,21,62,0.198,0.257,0.326,0.583,58,84,9,0,0,1,0,6437/59D
Pablo Sandoval#,30,TOT,MLB,79,279,259,27,57,11,0,9,32,0,1,16,53,0.22,0.265,0.367,0.632,64,95,11,1,0,3,0,5/3D4
Brian Goodwin*,26,WSN,NL,74,278,251,41,63,21,1,13,30,6,0,23,69,0.251,0.313,0.498,0.811,106,125,3,1,0,3,2,879
Joey Rickard,26,BAL,AL,111,277,261,29,63,15,0,4,19,8,1,9,63,0.241,0.276,0.345,0.621,67,90,6,4,2,1,0,978
Chris Young,33,BOS,AL,90,276,243,30,57,12,2,7,25,3,2,30,55,0.235,0.322,0.387,0.709,84,94,4,2,0,1,0,7D/9
Juan Lagares,28,NYM,NL,94,272,252,37,63,16,2,3,15,7,3,14,56,0.25,0.296,0.365,0.661,75,92,6,3,2,1,0,8
Lonnie Chisenhall*,28,CLE,AL,82,270,236,34,68,17,1,12,53,2,2,25,55,0.288,0.36,0.521,0.881,125,123,6,3,3,3,2,987/3
J.J. Hardy,34,BAL,AL,73,268,254,24,55,13,1,4,24,0,1,12,48,0.217,0.255,0.323,0.578,55,82,7,1,1,0,0,6
Caleb Joseph,31,BAL,AL,89,266,254,31,65,14,1,8,28,0,0,10,72,0.256,0.287,0.413,0.7,86,105,7,1,1,0,0,2/5
Tony Wolters*,25,COL,NL,83,266,229,30,55,8,1,0,16,0,1,33,55,0.24,0.341,0.284,0.625,57,65,9,2,2,0,9,2/45
Kennys Vargas#,26,MIN,AL,78,264,241,33,61,13,0,11,41,0,0,20,77,0.253,0.314,0.444,0.758,102,107,10,2,0,1,1,3D
Alex Presley*,31,DET,AL,71,264,245,30,77,10,3,3,20,5,0,15,49,0.314,0.354,0.416,0.77,103,102,5,0,3,0,0,987/D
Austin Barnes,27,LAD,NL,102,262,218,35,63,15,2,8,38,4,1,39,43,0.289,0.408,0.486,0.895,137,106,6,5,0,0,1,24/5D
Troy Tulowitzki,32,TOR,AL,66,260,241,16,60,10,0,7,26,0,1,17,40,0.249,0.3,0.378,0.678,77,91,10,1,0,1,1,6
Jake Marisnick,26,HOU,AL,106,259,230,50,56,10,0,16,35,9,4,20,90,0.243,0.319,0.496,0.815,122,114,5,6,2,1,1,8/79D
Chris Herrmann*,29,ARI,NL,106,256,226,35,41,7,0,10,27,5,0,29,67,0.181,0.273,0.345,0.619,56,78,1,0,0,1,0,27/39
Gregor Blanco*,33,ARI,NL,90,256,224,43,55,10,3,3,13,15,1,31,59,0.246,0.337,0.357,0.694,77,80,2,0,1,0,0,78/9
Johan Camargo#,23,ATL,NL,82,256,241,30,72,21,2,4,27,0,0,12,51,0.299,0.331,0.452,0.783,104,109,5,0,2,1,2,56/47
Ketel Marte#,23,ARI,NL,73,255,223,30,58,11,2,5,18,3,1,29,37,0.26,0.345,0.395,0.74,88,88,3,1,0,2,3,6/5
Daniel Robertson,23,TBR,AL,75,254,218,22,45,7,2,5,19,1,1,29,73,0.206,0.308,0.326,0.634,75,71,5,4,1,2,0,465/D7
Bruce Maxwell*,26,OAK,AL,76,253,219,21,52,12,0,3,22,0,0,31,63,0.237,0.329,0.333,0.663,83,73,10,0,1,2,0,2
Austin Romine,28,NYY,AL,80,252,229,19,50,9,1,2,21,0,0,16,57,0.218,0.272,0.293,0.565,49,67,7,2,2,3,0,23/D
Adrian Gonzalez*,35,LAD,NL,71,252,231,14,56,17,0,3,30,0,1,16,43,0.242,0.287,0.355,0.642,69,82,7,0,0,4,1,3
Roberto Perez,28,CLE,AL,73,248,217,22,45,12,0,8,38,0,1,26,71,0.207,0.291,0.373,0.664,71,81,4,0,4,1,0,2/D
JT Riddle*,25,MIA,NL,70,247,228,20,57,13,1,3,31,0,2,12,50,0.25,0.282,0.355,0.637,72,81,6,0,2,5,2,6
Ozzie Albies#,20,ATL,NL,57,244,217,34,62,9,5,6,28,8,1,21,36,0.286,0.354,0.456,0.81,112,99,3,3,1,2,0,4
Rafael Devers*,20,BOS,AL,58,240,222,34,63,14,0,10,30,3,1,18,57,0.284,0.338,0.482,0.819,110,107,5,0,0,0,3,5/D
Hyun Soo Kim*,29,TOT,MLB,96,239,212,20,49,8,1,1,14,0,0,22,46,0.231,0.307,0.292,0.599,63,62,3,2,0,2,1,79/D
Matt Szczur,27,TOT,NL,119,237,195,28,44,12,2,3,18,0,2,34,44,0.226,0.35,0.354,0.704,90,69,2,4,3,1,0,789
Rene Rivera,33,TOT,NL,74,237,218,23,55,9,0,10,35,0,1,14,70,0.252,0.305,0.431,0.736,92,94,4,3,1,1,3,2/3
Alen Hanson#,24,TOT,MLB,106,234,217,36,48,9,3,4,11,11,3,12,52,0.221,0.262,0.346,0.607,62,75,5,1,1,3,0,498/7D56
Michael Saunders*,30,TOT,MLB,73,234,218,26,44,9,2,6,21,0,1,15,55,0.202,0.256,0.344,0.6,57,75,2,1,0,0,2,9/7D
T.J. Rivera,28,NYM,NL,73,231,214,27,62,13,1,5,27,1,0,9,32,0.29,0.33,0.43,0.76,100,92,4,5,1,2,0,534/7
Yoan Moncada#,22,CHW,AL,54,231,199,31,46,8,2,8,22,3,2,29,74,0.231,0.338,0.412,0.75,103,82,0,3,0,0,0,4
Jose Osuna,24,PIT,NL,104,227,215,31,50,13,4,7,30,0,0,9,40,0.233,0.269,0.428,0.697,79,92,10,2,0,1,0,937
Allen Cordoba,21,SDP,NL,100,227,202,17,42,2,2,4,15,2,2,18,54,0.208,0.282,0.297,0.579,56,60,2,4,0,3,1,76/8594
Chris Gimenez,34,MIN,AL,74,225,186,28,41,9,0,7,16,1,0,33,60,0.22,0.35,0.382,0.731,98,71,3,4,2,0,0,2/3175D
Wilson Ramos,29,TBR,AL,64,224,208,19,54,6,0,11,35,0,0,10,36,0.26,0.29,0.447,0.737,98,93,11,0,0,3,2,2/D
Kelby Tomlinson,27,SFG,NL,104,222,194,32,50,4,2,1,11,9,1,23,46,0.258,0.332,0.314,0.646,73,61,8,0,2,3,2,546/7
Cliff Pennington#,33,LAA,AL,87,217,194,23,49,6,0,3,21,3,1,16,58,0.253,0.306,0.33,0.635,73,64,2,1,1,5,0,456/D
Matt Olson*,23,OAK,AL,59,216,189,33,49,2,0,24,45,0,0,22,60,0.259,0.352,0.651,1.003,166,123,6,5,0,0,1,39
Ichiro Suzuki*,43,MIA,NL,136,215,196,19,50,6,0,3,20,1,1,17,35,0.255,0.318,0.332,0.649,77,65,2,1,1,0,1,98/7D
Jace Peterson*,27,ATL,NL,89,215,186,15,40,9,2,2,17,3,0,27,48,0.215,0.318,0.317,0.635,69,59,4,1,1,0,3,745/369
Brandon Nimmo*,24,NYM,NL,69,215,177,26,46,11,1,5,21,2,0,33,60,0.26,0.379,0.418,0.797,112,74,3,2,1,2,1,78/9D
Daniel Nava#,34,PHI,NL,80,214,183,21,55,8,1,4,21,1,0,26,38,0.301,0.393,0.421,0.813,117,77,2,3,0,2,0,7/93D
Miguel Montero*,33,TOT,MLB,76,213,185,24,40,6,0,6,16,1,0,23,47,0.216,0.31,0.346,0.656,71,64,6,3,0,2,1,2/D31
Rhys Hoskins,24,PHI,NL,50,212,170,37,44,7,0,18,48,2,0,37,46,0.259,0.396,0.618,1.014,163,105,2,3,0,2,1,73
Chris Carter,30,NYY,AL,62,208,184,20,37,5,1,8,26,0,0,20,76,0.201,0.284,0.37,0.653,70,68,5,2,0,2,0,3/9D
Patrick Kivlehan,27,CIN,NL,115,204,178,23,37,5,1,9,26,1,2,22,61,0.208,0.304,0.399,0.703,82,71,2,3,0,1,1,937/58
Andrew Knapp#,25,PHI,NL,56,204,171,26,44,8,1,3,13,1,0,31,56,0.257,0.368,0.368,0.736,97,63,5,0,0,2,4,2/3D
Tyler Moore,30,MIA,NL,104,203,187,17,43,14,0,6,30,0,0,10,56,0.23,0.267,0.401,0.668,78,75,7,1,1,4,0,3/79
Peter Bourjos,30,TBR,AL,100,203,188,27,42,9,3,5,15,5,4,12,53,0.223,0.272,0.383,0.655,78,72,2,1,1,1,0,789/D
Jeff Mathis,34,ARI,NL,60,203,186,13,40,10,2,2,11,1,0,14,61,0.215,0.277,0.323,0.6,52,60,6,2,1,0,1,2
Elias Diaz,26,PIT,NL,64,200,188,18,42,14,0,1,19,1,0,11,38,0.223,0.265,0.314,0.579,52,59,8,0,0,1,0,2
Derek Norris,28,TBR,AL,53,198,179,21,36,5,0,9,24,1,0,12,48,0.201,0.258,0.38,0.637,72,68,5,3,0,4,0,2
Ryan Schimpf*,29,SDP,NL,53,197,165,24,26,2,0,14,25,0,0,27,70,0.158,0.284,0.424,0.709,87,70,0,3,0,2,0,5/D
Devon Travis,26,TOR,AL,50,197,185,22,48,18,0,5,24,4,2,7,38,0.259,0.291,0.438,0.729,88,81,5,2,1,2,0,4
Pat Valaika,24,COL,NL,110,195,182,28,47,11,0,13,40,0,0,7,53,0.258,0.284,0.533,0.817,95,97,1,0,5,1,0,65/437D
Abraham Almonte#,28,CLE,AL,69,195,172,26,40,8,3,3,14,2,1,20,46,0.233,0.314,0.366,0.681,76,63,2,1,1,1,0,97/8D
Jabari Blash,27,SDP,NL,61,195,164,24,35,6,0,5,16,1,2,28,66,0.213,0.333,0.341,0.675,83,56,5,2,0,1,0,97
Brandon Guyer,31,CLE,AL,70,192,165,23,39,7,1,2,20,2,0,15,43,0.236,0.326,0.327,0.654,71,54,4,8,2,2,0,97/D
Jesus Sucre,29,TBR,AL,62,192,176,20,45,6,0,7,29,2,0,7,35,0.256,0.289,0.409,0.699,89,72,6,3,2,4,0,2/1
John Hicks,27,DET,AL,60,190,173,25,46,12,0,6,22,2,1,13,51,0.266,0.326,0.439,0.766,100,76,5,3,0,1,0,32D
Deven Marrero,26,BOS,AL,71,188,171,32,36,9,0,4,27,5,0,12,61,0.211,0.259,0.333,0.593,53,57,8,0,3,2,0,54/63
Jett Bandy,27,MIL,NL,60,188,169,14,35,6,0,6,18,1,0,15,51,0.207,0.287,0.349,0.636,65,59,5,4,0,0,0,2
Mark Canha,28,OAK,AL,57,187,173,16,36,13,1,5,14,2,0,7,56,0.208,0.262,0.382,0.644,73,66,5,6,0,1,0,978/3D
Ehire Adrianza#,27,MIN,AL,70,186,162,30,43,9,2,2,24,8,1,16,25,0.265,0.324,0.383,0.707,91,62,0,1,1,6,1,67/453D
Adonis Garcia,32,ATL,NL,52,183,173,19,41,4,0,5,19,4,0,7,23,0.237,0.273,0.347,0.62,63,60,9,2,0,1,0,5/7
Dominic Smith*,22,NYM,NL,49,183,167,17,33,6,0,9,26,0,0,14,49,0.198,0.262,0.395,0.658,71,66,5,1,0,1,0,3
Dixon Machado,25,DET,AL,73,181,166,17,43,5,1,1,11,1,0,10,32,0.259,0.302,0.319,0.621,65,53,6,1,2,2,0,64/D5
Yasmany Tomas,26,ARI,NL,47,180,166,19,40,11,1,8,32,0,0,13,50,0.241,0.294,0.464,0.758,88,77,2,0,0,1,0,7
Yandy Diaz,25,CLE,AL,49,179,156,25,41,8,1,0,13,2,0,21,35,0.263,0.352,0.327,0.679,79,51,5,1,0,1,0,5/D7
Danny Santana#,26,TOT,MLB,82,178,168,19,34,10,2,4,23,7,0,8,41,0.202,0.243,0.357,0.6,56,60,3,1,1,0,1,7/9458D
Nick Ahmed,27,ARI,NL,53,178,167,24,42,8,1,6,21,3,4,10,39,0.251,0.298,0.419,0.717,79,70,6,1,0,0,3,6
Drew Butera,33,KCR,AL,75,177,163,18,37,4,1,3,14,0,0,12,41,0.227,0.284,0.319,0.603,61,52,0,1,1,0,0,2/3
Jarrett Parker*,28,SFG,NL,51,177,166,14,41,12,2,4,23,2,1,10,54,0.247,0.294,0.416,0.709,85,69,2,1,0,0,2,7/9D
Alexi Amarista*,28,COL,NL,96,176,168,22,40,10,0,3,19,1,0,7,38,0.238,0.269,0.351,0.62,51,59,5,0,1,0,0,46/8975
Rio Ruiz*,23,ATL,NL,53,173,150,22,29,5,0,4,19,1,0,19,41,0.193,0.283,0.307,0.59,56,46,4,1,0,3,1,5/3
Raimel Tapia*,23,COL,NL,70,171,160,27,46,12,2,2,16,5,2,8,36,0.288,0.329,0.425,0.754,84,68,3,2,1,0,1,97/8D
Greg Bird*,24,NYY,AL,48,170,147,20,28,7,0,9,28,0,0,19,42,0.19,0.288,0.422,0.71,83,62,2,2,0,2,0,3/D
Amed Rosario,21,NYM,NL,46,170,165,16,41,4,4,4,10,7,3,3,49,0.248,0.271,0.394,0.665,73,65,3,2,0,0,0,6
Tyler Collins*,27,DET,AL,49,169,150,18,29,4,1,5,14,0,4,18,55,0.193,0.278,0.333,0.611,61,50,2,0,0,1,0,89/7
Derek Fisher*,23,HOU,AL,53,166,146,21,31,4,1,5,17,3,3,17,54,0.212,0.307,0.356,0.663,85,52,1,3,0,0,1,79/8D
Nick Delmonico*,24,CHW,AL,43,166,141,25,37,4,0,9,23,2,0,23,31,0.262,0.373,0.482,0.856,130,68,5,2,0,0,0,7D/3
Gio Urshela,25,CLE,AL,67,165,156,14,35,7,0,1,15,0,0,8,22,0.224,0.262,0.288,0.551,43,45,6,0,1,0,0,5/463
Devin Mesoraco,29,CIN,NL,56,165,141,17,30,5,1,6,14,1,0,18,38,0.213,0.321,0.39,0.711,85,55,4,5,0,1,0,2/D
Brock Holt*,29,BOS,AL,64,164,140,20,28,6,0,0,7,2,1,19,34,0.2,0.305,0.243,0.548,46,34,3,3,0,2,0,47/5D39
Ryder Jones*,23,SFG,NL,53,164,150,12,26,5,2,2,5,1,0,10,52,0.173,0.244,0.273,0.517,37,41,3,4,0,0,3,35/7
A.J. Ellis,36,MIA,NL,51,163,143,17,30,5,0,6,14,0,0,12,29,0.21,0.298,0.371,0.669,80,53,6,6,2,0,0,2
Jaycob Brugman*,25,OAK,AL,48,162,143,12,38,2,0,3,12,1,2,18,38,0.266,0.346,0.343,0.688,90,49,1,0,0,1,1,8/79
Josh Phegley,29,OAK,AL,57,161,149,14,30,11,0,3,10,0,1,9,26,0.201,0.255,0.336,0.59,60,50,4,2,0,1,0,2
Jose Lobaton#,32,WSN,NL,51,158,141,11,24,3,0,4,11,0,0,14,35,0.17,0.248,0.277,0.525,37,39,5,1,1,1,1,2
JaCoby Jones,25,DET,AL,56,154,141,14,24,3,1,3,13,6,2,9,65,0.17,0.24,0.27,0.51,35,38,5,4,0,0,0,8/D9
Cheslor Cuthbert,24,KCR,AL,58,153,143,10,33,7,0,2,18,0,0,9,39,0.231,0.275,0.322,0.596,59,46,2,0,0,1,0,5/3D4
Sean Rodriguez,32,TOT,NL,54,153,132,18,22,2,0,5,8,1,0,16,57,0.167,0.276,0.295,0.572,51,39,3,4,1,0,1,549/7683
Tommy La Stella*,28,CHC,NL,73,151,125,18,36,8,0,5,22,0,0,20,18,0.288,0.389,0.472,0.861,122,59,3,2,0,2,1,45/3
Martin Prado,33,MIA,NL,37,147,140,13,35,9,0,2,12,0,0,6,22,0.25,0.279,0.357,0.636,71,50,4,0,0,1,0,5/D
Rey Fuentes*,26,ARI,NL,64,145,136,19,32,1,2,3,9,4,1,8,35,0.235,0.278,0.338,0.616,56,46,0,0,1,0,0,8/79
Carlos Ruiz,38,SEA,AL,53,145,125,14,27,8,0,3,11,1,0,14,38,0.216,0.313,0.352,0.665,81,44,4,4,1,1,0,2/3D1
Jefry Marte,26,LAA,AL,45,145,127,10,22,5,0,4,14,1,0,13,34,0.173,0.269,0.307,0.576,56,39,2,4,0,1,0,35/7D
Andres Blanco#,33,PHI,NL,80,144,130,10,25,4,0,3,13,1,0,12,34,0.192,0.257,0.292,0.549,46,38,1,0,0,2,0,543/6D1
Ryan Rua,27,TEX,AL,63,144,129,17,28,6,0,3,12,2,2,14,52,0.217,0.294,0.333,0.627,63,43,3,0,1,0,0,73/D9
Chris Stewart,35,PIT,NL,51,144,131,8,24,1,2,0,4,0,0,9,22,0.183,0.241,0.221,0.463,23,29,3,1,3,0,1,2
Hector Sanchez#,27,SDP,NL,75,143,137,14,30,4,0,8,25,0,0,5,41,0.219,0.245,0.423,0.668,75,58,4,0,0,1,1,2/3D
Clint Frazier,22,NYY,AL,39,142,134,16,31,9,4,4,17,1,0,7,43,0.231,0.268,0.448,0.715,83,60,2,0,0,1,0,7/9D
Jeimer Candelario#,23,TOT,MLB,38,142,127,18,36,9,0,3,16,0,0,13,30,0.283,0.359,0.425,0.784,106,54,3,2,0,0,0,5/3
Max Moroff#,24,PIT,NL,56,140,120,19,24,4,1,3,21,0,1,16,43,0.2,0.302,0.325,0.627,66,39,0,2,1,1,0,46/5
Luis Torrens,21,SDP,NL,56,139,123,7,20,3,1,0,7,0,0,12,30,0.163,0.243,0.203,0.446,22,25,4,1,3,0,3,2
Leonys Martin*,29,TOT,MLB,49,138,128,14,22,3,1,3,9,7,4,8,33,0.172,0.232,0.281,0.513,38,36,2,2,0,0,1,89/71
Jesse Winker*,23,CIN,NL,47,137,121,21,36,7,0,7,15,1,1,15,24,0.298,0.375,0.529,0.904,132,64,2,0,1,0,0,9/D7
Luke Maile,26,TOR,AL,46,136,130,10,19,5,0,2,7,1,0,3,35,0.146,0.176,0.231,0.407,6,30,2,2,0,1,0,2
Boog Powell*,24,TOT,AL,52,135,117,24,33,5,0,3,12,0,1,15,30,0.282,0.358,0.402,0.76,108,47,2,0,1,2,0,8/D79
Christian Arroyo,22,SFG,NL,34,135,125,9,24,5,0,3,14,1,2,8,32,0.192,0.244,0.304,0.548,44,38,4,1,0,1,1,56/4
Matt Reynolds,26,NYM,NL,68,130,113,12,26,1,2,1,5,0,1,14,37,0.23,0.326,0.301,0.626,69,34,2,2,1,0,1,56/4739
Colby Rasmus*,30,TBR,AL,37,129,121,17,34,7,1,9,23,1,0,7,45,0.281,0.318,0.579,0.896,139,70,1,0,0,1,2,7/9D8
Austin Slater,24,SFG,NL,34,127,117,15,33,3,1,3,16,0,0,8,29,0.282,0.339,0.402,0.74,95,47,3,2,0,0,0,7/958
Dustin Garneau,29,TOT,MLB,41,126,112,10,21,8,0,2,9,0,0,12,36,0.188,0.272,0.313,0.585,50,35,3,1,1,0,0,2
Eric Young#,32,LAA,AL,47,125,110,24,29,5,0,4,16,12,3,5,31,0.264,0.336,0.418,0.754,103,46,0,7,3,0,0,78/D9
Luke Voit,26,STL,NL,62,124,114,18,28,9,0,4,18,0,0,7,31,0.246,0.306,0.43,0.736,92,49,4,3,0,0,0,3/D
Ruben Tejada,27,BAL,AL,41,124,113,17,26,6,0,0,5,0,0,8,15,0.23,0.293,0.283,0.576,57,32,6,2,1,0,0,6/54
Lane Adams,27,ATL,NL,85,122,109,19,30,4,1,5,20,10,0,10,37,0.275,0.339,0.468,0.807,110,51,3,1,1,1,0,78/9
Drew Robinson*,25,TEX,AL,48,121,107,11,24,5,0,6,13,0,2,14,42,0.224,0.314,0.439,0.753,93,47,2,0,0,0,0,57/468D
Nick Franklin#,26,TOT,MLB,66,119,106,9,19,3,1,2,12,2,0,10,22,0.179,0.269,0.283,0.552,46,30,1,3,0,0,0,7/496
Willy Garcia,24,CHW,AL,44,119,105,15,25,5,3,2,12,0,0,11,31,0.238,0.305,0.4,0.705,90,42,2,0,1,2,0,978/D
Kevin Plawecki,26,NYM,NL,37,118,100,11,26,5,0,3,13,1,0,14,17,0.26,0.364,0.4,0.764,103,40,2,3,0,1,2,2/31
Josh Rutledge,28,BOS,AL,37,118,107,10,24,2,1,0,9,1,0,9,31,0.224,0.297,0.262,0.558,48,28,1,2,0,0,0,54/3
Craig Gentry,33,BAL,AL,77,117,101,17,26,5,1,2,11,5,4,11,24,0.257,0.333,0.386,0.719,94,39,1,1,3,1,0,97/8D
Kaleb Cowart#,25,LAA,AL,50,117,102,18,23,5,1,3,11,4,2,10,28,0.225,0.313,0.382,0.695,88,39,4,3,2,0,1,45
Erik Gonzalez,25,CLE,AL,60,115,110,18,28,6,0,4,11,1,2,3,37,0.255,0.272,0.418,0.69,75,46,1,0,1,1,0,46/5D7
Jorge Alfaro,24,PHI,NL,29,114,107,12,34,6,0,5,14,0,0,3,33,0.318,0.36,0.514,0.874,128,55,2,4,0,0,1,2/3
Rickie Weeks,34,TBR,AL,37,112,97,13,21,6,0,2,8,1,0,12,49,0.216,0.321,0.34,0.662,83,33,0,3,0,0,0,D3
Ryan Hanigan,36,COL,NL,33,112,101,9,27,2,0,2,12,0,0,8,26,0.267,0.324,0.347,0.671,66,35,5,1,1,1,2,2
Tomas Telis#,26,MIA,NL,48,111,104,13,25,5,3,0,9,0,0,3,10,0.24,0.279,0.346,0.625,69,36,1,3,0,1,0,3/2
Jorge Soler,25,KCR,AL,35,110,97,7,14,5,0,2,6,0,0,12,36,0.144,0.245,0.258,0.503,35,25,5,1,0,0,1,9D/7
Arismendy Alcantara#,25,CIN,NL,70,108,105,13,18,3,1,1,7,2,0,2,38,0.171,0.187,0.248,0.435,12,26,2,0,1,0,0,4/89657
Zack Granite*,24,MIN,AL,40,107,93,14,22,2,0,1,13,2,2,12,9,0.237,0.321,0.29,0.611,68,27,6,0,1,1,0,8/7D9
Adam Eaton*,28,WSN,NL,23,107,91,24,27,7,1,2,13,3,1,14,18,0.297,0.393,0.462,0.854,121,42,0,1,0,1,0,8/79
Stephen Drew*,34,WSN,NL,46,106,95,9,24,7,0,1,17,0,0,8,21,0.253,0.302,0.358,0.66,71,34,2,0,0,3,0,65/4
Ty Kelly#,28,TOT,NL,70,105,89,11,17,7,0,2,14,0,0,8,25,0.191,0.257,0.337,0.595,56,30,0,1,4,3,0,4/7598
Andrew Toles*,25,LAD,NL,31,102,96,17,26,3,0,5,15,0,1,5,16,0.271,0.314,0.458,0.772,101,44,3,1,0,0,0,78